filename,subject_id,pmi,x1,y1,x2,y2
9002L_1_1.bmp,9002L,21.0,108,202,524,164
9002R_1_1.bmp,9002R,21.0,50,328,547,291
9002R_3_1.bmp,9002R,24.0,118,351,634,375
9002R_4_1.bmp,9002R,45.0,270,276,636,193
9004R_6_1.bmp,9004R,158.0,269,429,636,351
9005L_2_1.bmp,9005L,23.0,108,217,482,297
9010R_1_1.bmp,9010R,19.0,38,187,519,270
9010R_2_1.bmp,9010R,46.0,118,332,575,298
9013L_1_1.bmp,9013L,9.0,133,269,537,283
9013L_2_1.bmp,9013L,33.0,61,385,500,388
9013L_2_2.bmp,9013L,33.0,10,274,351,285
9013L_2_3.bmp,9013L,33.0,9,220,376,226
9013R_1_1.bmp,9013R,9.0,151,285,634,348
9013R_2_1.bmp,9013R,33.0,81,145,615,240
9013R_2_2.bmp,9013R,33.0,229,319,633,364
9013R_2_3.bmp,9013R,33.0,187,298,633,347
9014R_1_5.bmp,9014R,48.0,152,269,583,375
9015L_1_3.bmp,9015L,12.0,13,322,447,235
9016L_1_1.bmp,9016L,4.0,112,307,571,401
9016L_4_1.bmp,9016L,57.0,249,298,636,274
9016L_4_2.bmp,9016L,57.0,81,338,565,319
9016L_4_4.bmp,9016L,57.0,155,266,634,233
9016L_5_2.bmp,9016L,80.0,10,409,416,370
9016L_5_6.bmp,9016L,80.0,68,235,509,236
9016L_7_2.bmp,9016L,129.0,145,432,586,415
9016L_7_3.bmp,9016L,129.0,240,145,634,133
9016L_7_5.bmp,9016L,129.0,130,329,558,283
9016L_8_1.bmp,9016L,153.0,95,384,528,354
9016L_9_1.bmp,9016L,180.0,140,207,494,189
9016L_9_2.bmp,9016L,180.0,285,356,631,348
9016L_9_3.bmp,9016L,180.0,83,174,472,131
9016R_4_1.bmp,9016R,57.0,75,358,503,376
9016R_4_2.bmp,9016R,57.0,92,426,553,384
9016R_4_4.bmp,9016R,57.0,100,165,609,168
9016R_5_1.bmp,9016R,80.0,186,299,625,243
9016R_5_2.bmp,9016R,80.0,211,255,630,193
9016R_6_1.bmp,9016R,104.0,155,373,591,305
9016R_7_1.bmp,9016R,129.0,156,289,552,240
9016R_7_2.bmp,9016R,129.0,238,264,633,217
9016R_7_4.bmp,9016R,129.0,182,378,617,320
9016R_8_1.bmp,9016R,153.0,232,204,630,140
9016R_9_1.bmp,9016R,180.0,302,325,634,283
9016R_9_2.bmp,9016R,180.0,310,397,631,360
9016R_9_3.bmp,9016R,180.0,142,235,538,164
9017L_2_1.bmp,9017L,64.0,162,305,636,356
9017L_3_1.bmp,9017L,82.0,13,357,415,311
9017L_3_2.bmp,9017L,82.0,78,297,522,239
9017R_1_5.bmp,9017R,60.0,270,10,277,384
9017R_2_1.bmp,9017R,64.0,363,9,373,423
9017R_3_1.bmp,9017R,82.0,71,357,600,376
9017R_3_2.bmp,9017R,82.0,118,345,597,388
9018L_4_1.bmp,9018L,89.0,12,248,476,261
9018R_1_1.bmp,9018R,16.0,266,353,636,304
9018R_2_1.bmp,9018R,40.0,61,401,538,348
9018R_3_1.bmp,9018R,66.0,62,363,543,314
9018R_4_1.bmp,9018R,89.0,92,373,615,308
9019L_1_1.bmp,9019L,35.0,87,364,556,353
9019L_2_1.bmp,9019L,60.0,84,392,581,341
9019R_1_1.bmp,9019R,35.0,105,308,618,314
9019R_1_2.bmp,9019R,35.0,115,313,630,217
9019R_1_4.bmp,9019R,35.0,103,252,614,164
9021L_1_1.bmp,9021L,18.0,9,199,510,214
9023L_2_1.bmp,9023L,36.0,72,230,552,323
9028L_1_1.bmp,9028L,19.0,9,341,353,328
9029R_1_3.bmp,9029R,48.0,151,307,612,316
9031L_1_1.bmp,9031L,5.0,13,299,466,248
9031L_2_1.bmp,9031L,29.0,40,227,599,205
9031R_1_1.bmp,9031R,5.0,164,333,577,344
9031R_2_1.bmp,9031R,29.0,40,168,630,173
9033R_1_2.bmp,9033R,36.0,103,277,586,291
9036L_2_1.bmp,9036L,92.0,235,285,639,297
9036L_2_2.bmp,9036L,92.0,159,314,606,369
9041L_3_1.bmp,9041L,54.0,18,164,454,118
9042L_1_2.bmp,9042L,2.0,30,260,445,236
9042R_1_1.bmp,9042R,2.0,220,285,622,196
9045R_1_2.bmp,9045R,2.0,66,294,512,373
9047R_2_1.bmp,9047R,38.0,100,238,587,254
9049L_3_6.bmp,9049L,62.0,64,323,584,243
9049L_3_7.bmp,9049L,62.0,9,345,488,401
9049L_4_1.bmp,9049L,76.0,78,384,574,364
9049L_4_2.bmp,9049L,76.0,78,389,572,369
9049L_4_6.bmp,9049L,76.0,33,271,559,294
9049L_5_1.bmp,9049L,100.0,12,186,500,261
9049L_5_2.bmp,9049L,100.0,12,190,500,263
9049L_6_1.bmp,9049L,125.0,10,214,565,264
9049L_7_1.bmp,9049L,149.0,6,193,473,274
9049L_7_6.bmp,9049L,149.0,52,229,560,329
9049L_8_1.bmp,9049L,197.0,114,358,614,348
9049L_8_2.bmp,9049L,197.0,114,360,615,347
9049L_8_6.bmp,9049L,197.0,155,305,605,282
9049L_9_1.bmp,9049L,221.0,15,280,565,294
9049L_9_2.bmp,9049L,221.0,15,283,566,292
9049L_9_6.bmp,9049L,221.0,86,394,584,392
9049L_10_1.bmp,9049L,245.0,9,226,493,304
9049L_10_6.bmp,9049L,245.0,37,149,460,360
9049L_11_1.bmp,9049L,269.0,19,226,531,345
9049L_11_2.bmp,9049L,269.0,10,240,532,342
9049R_2_4.bmp,9049R,36.0,158,196,631,226
9049R_3_10.bmp,9049R,62.0,83,361,574,317
9049R_4_1.bmp,9049R,76.0,152,305,634,232
9049R_4_2.bmp,9049R,76.0,151,299,634,243
9049R_4_6.bmp,9049R,76.0,161,323,634,279
9049R_5_1.bmp,9049R,100.0,214,375,636,344
9049R_5_2.bmp,9049R,100.0,215,372,636,347
9049R_6_1.bmp,9049R,125.0,158,388,636,314
9049R_7_1.bmp,9049R,149.0,10,369,457,409
9049R_7_6.bmp,9049R,149.0,93,322,571,367
9049R_8_1.bmp,9049R,197.0,9,288,472,299
9049R_8_2.bmp,9049R,197.0,10,288,472,301
9049R_8_6.bmp,9049R,197.0,10,332,485,266
9049R_9_1.bmp,9049R,221.0,192,447,627,386
9049R_9_2.bmp,9049R,221.0,195,440,633,386
9049R_9_6.bmp,9049R,221.0,139,437,633,353
9049R_10_1.bmp,9049R,245.0,165,341,636,270
9049R_10_2.bmp,9049R,245.0,167,345,630,285
9049R_11_1.bmp,9049R,269.0,205,385,634,376
9049R_11_2.bmp,9049R,269.0,205,391,636,375
9049R_11_6.bmp,9049R,269.0,125,384,633,370
9050L_1_1.bmp,9050L,1.0,24,263,544,283
9050L_5_1.bmp,9050L,75.0,53,257,581,258
9050L_6_1.bmp,9050L,95.0,15,243,488,269
9050R_1_1.bmp,9050R,1.0,174,285,631,226
9050R_4_2.bmp,9050R,50.0,195,330,630,289
9050R_5_1.bmp,9050R,75.0,302,409,624,360
9050R_6_1.bmp,9050R,95.0,167,266,631,248
9051L_1_2.bmp,9051L,19.0,109,151,586,171
9051L_1_6.bmp,9051L,19.0,31,229,451,248
9051L_2_1.bmp,9051L,63.0,3,114,305,167
9051L_2_2.bmp,9051L,63.0,6,198,351,202
9051L_2_6.bmp,9051L,63.0,5,339,372,304
9051R_1_4.bmp,9051R,19.0,212,313,633,369
9051R_1_5.bmp,9051R,19.0,251,273,634,341
9051R_2_1.bmp,9051R,63.0,125,165,571,143
9051R_2_2.bmp,9051R,63.0,123,174,566,136
9051R_2_6.bmp,9051R,63.0,117,183,555,145
9052L_5_1.bmp,9052L,116.0,65,274,465,350
9052L_6_2.bmp,9052L,138.0,74,330,512,298
9052R_5_2.bmp,9052R,116.0,148,386,621,361
9052R_6_2.bmp,9052R,138.0,246,221,636,171
9053R_1_1.bmp,9053R,3.0,127,351,594,302
9055R_1_1.bmp,9055R,1.0,224,395,631,342
9056L_1_3.bmp,9056L,4.0,30,286,589,313
9056R_3_3.bmp,9056R,40.0,46,236,468,215
9057L_1_2.bmp,9057L,9.0,246,301,631,260
9060L_3_1.bmp,9060L,60.0,33,177,547,174
9061R_2_1.bmp,9061R,32.0,342,394,637,326
9063L_3_1.bmp,9063L,78.0,21,242,468,218
9063R_1_1.bmp,9063R,6.0,59,279,544,310
9063R_2_1.bmp,9063R,54.0,183,263,636,282
9063R_3_1.bmp,9063R,78.0,199,264,634,269
9068L_2_2.bmp,9068L,42.0,33,335,450,344
9068R_2_2.bmp,9068R,42.0,189,266,634,229
9078L_1_3.bmp,9078L,72.0,99,124,532,117
9079L_1_3.bmp,9079L,8.0,43,226,618,271
9079L_3_1.bmp,9079L,56.0,10,358,463,326
9079L_3_2.bmp,9079L,56.0,12,263,530,229
9079R_3_1.bmp,9079R,56.0,127,270,631,202
9079R_3_2.bmp,9079R,56.0,196,295,636,298
9080L_2_1.bmp,9080L,44.0,99,246,569,261
9080L_3_1.bmp,9080L,68.0,49,252,516,280
9080L_3_2.bmp,9080L,68.0,9,183,493,156
9080L_4_3.bmp,9080L,92.0,33,357,485,302
9080L_6_1.bmp,9080L,140.0,9,279,429,258
9080L_6_2.bmp,9080L,140.0,8,156,451,210
9080L_6_3.bmp,9080L,140.0,10,240,485,252
9080L_7_1.bmp,9080L,188.0,124,307,572,373
9080L_7_2.bmp,9080L,188.0,33,425,563,460
9080L_7_3.bmp,9080L,188.0,217,401,622,392
9080L_8_1.bmp,9080L,212.0,90,227,624,195
9080L_8_2.bmp,9080L,212.0,80,381,577,323
9080L_8_3.bmp,9080L,212.0,9,319,453,263
9080L_9_1.bmp,9080L,236.0,65,339,543,336
9080L_9_2.bmp,9080L,236.0,53,392,524,400
9080L_9_3.bmp,9080L,236.0,12,348,459,372
9080R_2_1.bmp,9080R,44.0,125,277,575,332
9080R_3_1.bmp,9080R,68.0,149,266,622,305
9080R_4_2.bmp,9080R,92.0,97,364,597,426
9080R_5_3.bmp,9080R,116.0,255,325,636,328
9080R_6_1.bmp,9080R,140.0,236,434,633,363
9080R_6_2.bmp,9080R,140.0,139,389,618,347
9080R_6_3.bmp,9080R,140.0,249,338,633,224
9080R_7_1.bmp,9080R,188.0,8,190,376,192
9080R_7_2.bmp,9080R,188.0,47,220,553,170
9080R_8_1.bmp,9080R,212.0,167,417,615,431
9080R_8_2.bmp,9080R,212.0,192,373,634,366
9080R_8_3.bmp,9080R,212.0,161,330,619,384
9080R_9_1.bmp,9080R,236.0,243,299,634,323
9080R_9_2.bmp,9080R,236.0,243,295,631,267
9080R_9_3.bmp,9080R,236.0,226,356,633,319
9083L_1_13.bmp,9083L,17.0,34,261,487,320
9083L_3_1.bmp,9083L,65.0,31,332,471,409
9083L_3_2.bmp,9083L,65.0,28,329,482,416
9083L_3_6.bmp,9083L,65.0,186,339,634,323
9083L_4_5.bmp,9083L,89.0,12,156,385,313
9083L_5_2.bmp,9083L,113.0,142,263,621,332
9083L_5_6.bmp,9083L,113.0,68,246,562,302
9083L_6_1.bmp,9083L,147.0,80,152,519,255
9083L_6_2.bmp,9083L,147.0,12,167,440,199
9083L_7_1.bmp,9083L,195.0,44,252,476,279
9083L_7_2.bmp,9083L,195.0,43,249,479,295
9083L_7_6.bmp,9083L,195.0,65,179,522,186
9083L_8_1.bmp,9083L,219.0,15,193,481,257
9083L_8_2.bmp,9083L,219.0,22,190,482,257
9083L_8_6.bmp,9083L,219.0,106,246,524,332
9083L_9_1.bmp,9083L,243.0,77,294,534,361
9083L_9_2.bmp,9083L,243.0,155,242,622,332
9083L_9_3.bmp,9083L,243.0,145,229,586,320
9083L_10_1.bmp,9083L,267.0,142,283,630,298
9083L_10_2.bmp,9083L,267.0,89,183,575,252
9083L_11_1.bmp,9083L,291.0,137,251,584,323
9083L_11_2.bmp,9083L,291.0,123,297,578,381
9083L_12_1.bmp,9083L,315.0,86,179,587,249
9083L_12_2.bmp,9083L,315.0,133,257,584,288
9083L_12_3.bmp,9083L,315.0,86,252,522,310
9083L_13_1.bmp,9083L,339.0,65,215,496,301
9083L_13_2.bmp,9083L,339.0,34,276,434,311
9083L_13_3.bmp,9083L,339.0,111,128,581,176
9083L_14_1.bmp,9083L,363.0,139,292,578,367
9083L_14_2.bmp,9083L,363.0,184,332,634,361
9083L_15_3.bmp,9083L,363.0,16,330,473,347
9083L_16_1.bmp,9083L,386.0,145,198,590,295
9083L_16_2.bmp,9083L,386.0,111,207,527,263
9083L_16_3.bmp,9083L,386.0,15,345,406,361
9083R_3_1.bmp,9083R,65.0,211,345,630,269
9083R_5_2.bmp,9083R,113.0,134,288,630,260
9083R_5_6.bmp,9083R,113.0,151,224,622,170
9083R_6_1.bmp,9083R,147.0,161,285,617,243
9083R_6_2.bmp,9083R,147.0,155,283,618,270
9083R_7_1.bmp,9083R,195.0,215,311,634,295
9083R_7_2.bmp,9083R,195.0,220,316,633,297
9083R_7_6.bmp,9083R,195.0,212,351,636,302
9083R_8_1.bmp,9083R,219.0,190,283,608,258
9083R_8_2.bmp,9083R,219.0,187,295,611,255
9083R_8_6.bmp,9083R,219.0,143,311,565,267
9083R_9_1.bmp,9083R,243.0,167,313,633,299
9083R_9_2.bmp,9083R,243.0,211,264,633,260
9083R_9_3.bmp,9083R,243.0,263,326,637,297
9083R_10_1.bmp,9083R,267.0,264,434,637,370
9083R_10_2.bmp,9083R,267.0,248,389,631,291
9083R_10_3.bmp,9083R,267.0,193,392,622,332
9083R_11_1.bmp,9083R,291.0,143,276,589,255
9083R_11_2.bmp,9083R,291.0,130,316,568,314
9083R_11_3.bmp,9083R,291.0,156,261,583,245
9083R_12_1.bmp,9083R,315.0,192,345,617,264
9083R_12_2.bmp,9083R,315.0,171,299,617,298
9083R_12_3.bmp,9083R,315.0,192,295,627,261
9083R_13_1.bmp,9083R,339.0,192,276,624,304
9083R_13_2.bmp,9083R,339.0,111,229,543,295
9083R_13_3.bmp,9083R,339.0,136,199,575,263
9083R_14_1.bmp,9083R,363.0,176,342,597,311
9083R_14_2.bmp,9083R,363.0,195,394,628,364
9083R_15_3.bmp,9083R,363.0,127,269,568,224
9083R_16_1.bmp,9083R,386.0,124,366,590,333
9083R_16_2.bmp,9083R,386.0,207,407,631,332
9083R_16_3.bmp,9083R,386.0,220,333,624,235
9087L_2_1.bmp,9087L,52.0,55,429,496,378
9087R_2_1.bmp,9087R,52.0,124,297,589,246
9091L_3_3.bmp,9091L,29.0,152,176,558,27
9091R_3_3.bmp,9091R,29.0,271,288,634,270
9092L_3_2.bmp,9092L,96.0,21,182,515,288
9092L_3_6.bmp,9092L,96.0,19,211,460,273
9092L_5_3.bmp,9092L,138.0,33,170,555,285
9092R_3_6.bmp,9092R,96.0,127,193,624,162
9093L_1_1.bmp,9093L,2.0,46,271,457,282
9097L_1_2.bmp,9097L,18.0,58,192,575,167
9099R_1_5.bmp,9099R,32.0,56,245,625,226
9100L_1_4.bmp,9100L,6.0,9,292,342,328
9100L_1_5.bmp,9100L,6.0,10,276,384,299
9100R_2_4.bmp,9100R,30.0,168,317,617,364
9101L_1_8.bmp,9101L,12.0,156,277,535,270
9101R_2_6.bmp,9101R,34.0,212,307,631,226
9101R_3_1.bmp,9101R,54.0,218,344,630,360
9102L_1_2.bmp,9102L,32.0,62,223,497,274
9102L_1_6.bmp,9102L,32.0,38,370,513,406
9103L_3_5.bmp,9103L,50.0,83,347,569,381
9103L_3_6.bmp,9103L,50.0,75,354,559,382
9103L_4_1.bmp,9103L,74.0,50,301,546,291
9103L_4_2.bmp,9103L,74.0,46,289,531,263
9103L_6_3.bmp,9103L,153.0,52,412,565,388
9103L_7_1.bmp,9103L,170.0,10,361,445,370
9103L_8_1.bmp,9103L,194.0,15,325,403,385
9103L_8_2.bmp,9103L,194.0,9,285,415,341
9103L_9_1.bmp,9103L,216.0,8,280,416,323
9103L_9_2.bmp,9103L,216.0,21,264,563,297
9103L_9_4.bmp,9103L,216.0,21,301,594,323
9103L_10_1.bmp,9103L,230.0,43,140,602,158
9103L_10_2.bmp,9103L,230.0,18,152,555,149
9103L_10_4.bmp,9103L,230.0,15,182,532,156
9103R_1_2.bmp,9103R,10.0,266,311,634,258
9103R_1_7.bmp,9103R,10.0,212,297,634,279
9103R_4_1.bmp,9103R,74.0,114,379,522,440
9103R_6_3.bmp,9103R,153.0,171,369,593,404
9103R_7_1.bmp,9103R,170.0,196,385,627,415
9103R_8_1.bmp,9103R,194.0,130,274,575,358
9103R_8_2.bmp,9103R,194.0,30,305,459,388
9103R_9_1.bmp,9103R,216.0,254,358,633,269
9103R_9_2.bmp,9103R,216.0,310,428,634,297
9103R_9_4.bmp,9103R,216.0,336,460,637,385
9103R_10_1.bmp,9103R,230.0,196,198,628,263
9103R_10_2.bmp,9103R,230.0,78,161,509,229
9103R_10_4.bmp,9103R,230.0,72,176,537,260
9104L_2_2.bmp,9104L,28.0,9,339,373,339
9104R_1_2.bmp,9104R,28.0,183,295,628,282
9106L_1_3.bmp,9106L,38.0,8,282,434,280
9106L_1_4.bmp,9106L,38.0,5,232,448,251
9106L_3_4.bmp,9106L,78.0,8,372,490,382
9106R_3_4.bmp,9106R,78.0,136,320,625,332
9108L_1_2.bmp,9108L,8.0,9,102,460,204
9108L_2_1.bmp,9108L,42.0,6,103,329,145
9109R_1_5.bmp,9109R,8.0,143,283,594,308
9109R_2_4.bmp,9109R,16.0,86,328,596,372
9110L_3_3.bmp,9110L,52.0,31,152,496,152
9110R_3_3.bmp,9110R,52.0,246,344,630,335
9112L_2_1.bmp,9112L,148.0,12,316,435,329
9112L_4_2.bmp,9112L,194.0,8,282,297,294
9112L_6_1.bmp,9112L,240.0,3,311,410,372
9112L_6_2.bmp,9112L,240.0,9,211,394,308
9112L_6_4.bmp,9112L,240.0,6,354,385,459
9112L_7_1.bmp,9112L,265.0,15,299,479,280
9112R_2_1.bmp,9112R,148.0,111,292,606,373
9112R_2_2.bmp,9112R,148.0,114,291,596,372
9112R_2_6.bmp,9112R,148.0,103,236,596,336
9112R_4_2.bmp,9112R,194.0,128,307,575,360
9112R_6_1.bmp,9112R,240.0,136,471,602,342
9112R_6_2.bmp,9112R,240.0,127,370,624,344
9112R_6_4.bmp,9112R,240.0,202,336,636,336
9112R_7_1.bmp,9112R,265.0,199,298,630,276
9112R_7_2.bmp,9112R,265.0,167,286,630,325
9112R_7_4.bmp,9112R,265.0,201,342,636,345
9113L_1_1.bmp,9113L,48.0,102,179,563,193
9113L_2_5.bmp,9113L,72.0,165,227,577,258
9113L_3_1.bmp,9113L,94.0,6,273,379,295
9113L_3_2.bmp,9113L,94.0,25,313,441,288
9113L_3_4.bmp,9113L,94.0,47,302,513,307
9113L_4_1.bmp,9113L,124.0,9,263,438,285
9113L_4_2.bmp,9113L,124.0,8,305,329,344
9113R_2_1.bmp,9113R,72.0,266,218,636,99
9113R_3_1.bmp,9113R,94.0,124,329,553,261
9113R_3_2.bmp,9113R,94.0,198,361,612,308
9113R_3_4.bmp,9113R,94.0,102,364,568,320
9113R_4_1.bmp,9113R,124.0,108,305,527,297
9113R_4_2.bmp,9113R,124.0,156,288,534,325
9114R_1_3.bmp,9114R,7.0,184,283,630,454
9115L_2_4.bmp,9115L,30.0,56,299,527,263
9117R_1_3.bmp,9117R,12.0,217,440,628,333
9119L_1_4.bmp,9119L,8.0,21,251,506,171
9119L_2_3.bmp,9119L,56.0,108,320,627,314
9119R_1_1.bmp,9119R,8.0,90,267,605,207
9122L_1_2.bmp,9122L,13.0,52,322,522,313
9122R_1_2.bmp,9122R,13.0,145,266,633,326
9124L_5_1.bmp,9124L,42.0,10,226,454,232
9124L_7_1.bmp,9124L,114.0,5,295,361,299
9124L_8_1.bmp,9124L,141.0,64,345,491,363
9124L_8_2.bmp,9124L,141.0,5,345,423,381
9124L_8_4.bmp,9124L,141.0,6,351,376,381
9124L_9_1.bmp,9124L,162.0,8,356,481,295
9124L_9_2.bmp,9124L,162.0,21,381,560,313
9124L_1_2.bmp,9124L,186.0,19,379,490,361
9124L_1_3.bmp,9124L,186.0,84,420,565,373
9124L_11_1.bmp,9124L,220.0,9,255,445,257
9124L_11_2.bmp,9124L,220.0,12,333,469,308
9124L_11_4.bmp,9124L,220.0,36,392,516,415
9124R_7_1.bmp,9124R,114.0,267,311,634,286
9124R_8_1.bmp,9124R,141.0,102,217,602,252
9124R_8_2.bmp,9124R,141.0,16,193,587,269
9124R_8_4.bmp,9124R,141.0,142,307,612,356
9124R_9_3.bmp,9124R,162.0,133,298,599,357
9124R_9_4.bmp,9124R,162.0,195,361,637,372
9124R_1_1.bmp,9124R,186.0,41,360,503,394
9124R_1_2.bmp,9124R,186.0,165,254,628,292
9124R_1_4.bmp,9124R,186.0,152,329,631,336
9124R_11_1.bmp,9124R,220.0,115,291,627,344
9124R_11_2.bmp,9124R,220.0,235,304,633,335
9124R_11_4.bmp,9124R,220.0,117,277,580,313
9125R_2_2.bmp,9125R,36.0,5,302,594,171
9127L_2_3.bmp,9127L,28.0,5,165,319,162
9127R_2_2.bmp,9127R,28.0,195,266,634,294
9128L_1_1.bmp,9128L,69.0,143,269,634,282
9128L_1_2.bmp,9128L,69.0,81,322,637,332
9128R_1_1.bmp,9128R,69.0,152,345,636,294
9128R_1_2.bmp,9128R,69.0,61,338,535,329
9129L_2_5.bmp,9129L,66.0,89,263,555,263
9129L_2_9.bmp,9129L,66.0,103,245,547,263
9129L_3_1.bmp,9129L,90.0,5,386,386,329
9129L_5_2.bmp,9129L,162.0,5,353,373,354
9129L_6_3.bmp,9129L,186.0,56,335,465,360
9129L_7_2.bmp,9129L,204.0,127,322,552,242
9129R_1_1.bmp,9129R,41.0,86,434,558,310
9129R_1_10.bmp,9129R,41.0,75,342,578,236
9129R_1_14.bmp,9129R,41.0,64,333,534,235
9129R_2_2.bmp,9129R,66.0,158,345,608,279
9130L_1_4.bmp,9130L,48.0,62,229,580,211
9130L_2_1.bmp,9130L,70.0,12,233,521,249
9130R_2_1.bmp,9130R,70.0,95,311,594,301
9130R_2_2.bmp,9130R,70.0,74,279,531,264
9131L_2_1.bmp,9131L,39.0,149,249,633,274
9131R_2_1.bmp,9131R,39.0,109,149,611,196
9133L_1_1.bmp,9133L,35.0,6,255,392,269
9133L_1_4.bmp,9133L,35.0,9,267,469,195
9133L_2_1.bmp,9133L,59.0,37,379,496,311
9133L_2_2.bmp,9133L,59.0,9,238,460,193
9133L_2_4.bmp,9133L,59.0,13,338,466,283
9133R_1_2.bmp,9133R,59.0,204,266,636,207
9133R_1_3.bmp,9133R,59.0,238,314,636,257
9133R_1_5.bmp,9133R,59.0,179,279,631,235
9135L_1_3.bmp,9135L,16.0,77,251,614,260
9135L_2_3.bmp,9135L,40.0,3,292,431,298
9136L_1_4.bmp,9136L,20.0,8,245,444,242
9136L_2_3.bmp,9136L,44.0,41,249,580,212
9137R_2_4.bmp,9137R,32.0,36,286,535,322
9138L_1_1.bmp,9138L,20.0,102,288,608,316
9138R_2_3.bmp,9138R,44.0,186,361,634,389
9140L_2_1.bmp,9140L,58.0,6,342,397,305
9140L_3_2.bmp,9140L,78.0,56,289,552,232
9140L_4_3.bmp,9140L,100.0,6,251,507,277
9140L_5_3.bmp,9140L,138.0,8,289,388,320
9140L_6_3.bmp,9140L,153.0,10,246,549,240
9140L_7_1.bmp,9140L,175.0,69,230,596,269
9140L_7_2.bmp,9140L,175.0,8,336,404,304
9140L_7_4.bmp,9140L,175.0,9,236,469,217
9140L_8_1.bmp,9140L,223.0,46,392,591,409
9140L_8_2.bmp,9140L,223.0,9,354,479,379
9140L_8_4.bmp,9140L,223.0,8,342,437,361
9140L_9_3.bmp,9140L,267.0,38,260,547,302
9140L_10_3.bmp,9140L,291.0,18,384,534,389
9140R_3_2.bmp,9140R,78.0,210,364,634,288
9140R_4_3.bmp,9140R,100.0,233,415,634,336
9140R_5_3.bmp,9140R,138.0,9,372,481,316
9140R_6_3.bmp,9140R,153.0,280,385,637,328
9140R_7_1.bmp,9140R,175.0,168,254,631,202
9140R_7_2.bmp,9140R,175.0,212,419,634,376
9140R_7_4.bmp,9140R,175.0,180,325,633,283
9140R_8_1.bmp,9140R,223.0,165,432,636,373
9140R_8_2.bmp,9140R,223.0,165,354,633,313
9140R_8_4.bmp,9140R,223.0,180,336,634,283
9142L_3_2.bmp,9142L,68.0,120,311,611,319
9142R_3_2.bmp,9142R,68.0,90,295,485,339
9144L_3_4.bmp,9144L,116.0,117,291,535,235
9144L_3_6.bmp,9144L,116.0,44,263,490,220
9144L_6_1.bmp,9144L,164.0,77,239,612,221
9144L_6_2.bmp,9144L,164.0,115,251,636,242
9144L_6_4.bmp,9144L,164.0,12,183,476,173
9144R_4_1.bmp,9144R,92.0,202,283,630,217
9144R_4_3.bmp,9144R,92.0,153,316,602,307
9144R_5_2.bmp,9144R,116.0,106,167,590,61
9144R_6_1.bmp,9144R,164.0,117,221,605,221
9144R_6_2.bmp,9144R,164.0,102,239,556,273
9144R_6_4.bmp,9144R,164.0,152,252,634,264
9144R_7_3.bmp,9144R,188.0,121,202,574,167
9145L_2_3.bmp,9145L,52.0,47,338,522,382
9145L_5_1.bmp,9145L,143.0,9,307,516,261
9145L_5_2.bmp,9145L,143.0,6,409,434,394
9145L_5_4.bmp,9145L,143.0,22,345,518,333
9145R_2_3.bmp,9145R,52.0,8,320,447,322
9145R_5_1.bmp,9145R,143.0,120,192,622,204
9145R_5_2.bmp,9145R,143.0,86,297,630,302
9145R_5_4.bmp,9145R,143.0,108,270,575,261
9146R_1_1.bmp,9146R,24.0,192,258,633,174
9147L_1_1.bmp,9147L,46.0,61,420,397,372
9148R_2_2.bmp,9148R,23.0,93,227,577,260
9149L_3_2.bmp,9149L,84.0,117,326,550,322
9149L_4_1.bmp,9149L,108.0,5,354,412,332
9149L_4_2.bmp,9149L,108.0,12,364,453,353
9149R_3_1.bmp,9149R,84.0,15,410,409,347
9150L_1_1.bmp,9150L,4.0,27,376,497,308
9151R_2_4.bmp,9151R,26.0,204,199,606,204
9152L_1_2.bmp,9152L,37.0,6,385,435,361
9152L_3_2.bmp,9152L,86.0,77,294,504,258
9152R_1_2.bmp,9152R,37.0,235,379,606,366
9153L_2_4.bmp,9153L,54.0,53,344,566,330
9153R_1_3.bmp,9153R,30.0,77,251,589,214
9154L_3_3.bmp,9154L,80.0,22,347,541,292
9154L_4_1.bmp,9154L,105.0,111,242,522,236
9154L_4_2.bmp,9154L,105.0,96,274,546,251
9154L_4_4.bmp,9154L,105.0,56,333,553,328
9154R_2_2.bmp,9154R,56.0,198,251,631,217
9154R_3_3.bmp,9154R,80.0,137,313,599,270
9154R_4_1.bmp,9154R,105.0,193,348,634,316
9154R_4_2.bmp,9154R,105.0,229,342,634,345
9154R_4_3.bmp,9154R,105.0,205,391,634,389
9155L_1_4.bmp,9155L,2.0,6,335,586,356
9155L_4_2.bmp,9155L,74.0,10,341,566,263
9155L_6_1.bmp,9155L,122.0,61,363,606,444
9155L_6_2.bmp,9155L,122.0,102,344,555,385
9155R_2_1.bmp,9155R,26.0,6,311,493,361
9155R_2_4.bmp,9155R,26.0,186,285,636,302
9155R_4_2.bmp,9155R,74.0,151,251,637,302
9155R_6_2.bmp,9155R,122.0,86,366,637,342
9155R_6_3.bmp,9155R,122.0,71,333,608,299
9156L_2_4.bmp,9156L,38.0,27,317,531,305
9156R_2_1.bmp,9156R,38.0,37,297,544,301
9157R_1_3.bmp,9157R,16.0,24,367,490,434
9158R_1_5.bmp,9158R,12.0,174,246,559,310
9160L_4_1.bmp,9160L,145.0,33,285,537,289
9160L_4_2.bmp,9160L,145.0,43,288,537,291
9160L_4_6.bmp,9160L,145.0,10,288,482,316
9160L_5_1.bmp,9160L,169.0,43,245,600,271
9160L_6_1.bmp,9160L,193.0,9,332,532,347
9160L_8_6.bmp,9160L,265.0,6,214,518,289
9160L_8_7.bmp,9160L,265.0,6,267,482,341
9160L_9_1.bmp,9160L,289.0,43,314,532,328
9160L_10_1.bmp,9160L,313.0,12,183,506,217
9160L_10_2.bmp,9160L,313.0,10,214,538,288
9163L_1_1.bmp,9163L,14.0,9,221,375,246
9164R_1_3.bmp,9164R,30.0,102,245,628,276
9165L_1_5.bmp,9165L,48.0,6,330,422,316
9166L_2_5.bmp,9166L,124.0,9,270,541,239
9166L_3_2.bmp,9166L,148.0,105,269,618,218
9166L_3_3.bmp,9166L,148.0,80,260,583,266
9166R_2_2.bmp,9166R,124.0,102,323,606,307
9167L_2_3.bmp,9167L,30.0,6,366,457,336
9167R_1_5.bmp,9167R,6.0,208,230,634,187
9169L_1_5.bmp,9169L,15.0,55,397,532,322
9169R_1_5.bmp,9169R,15.0,86,364,602,333
9169R_2_2.bmp,9169R,68.0,108,283,566,319
9170L_1_8.bmp,9170L,15.0,41,366,516,317
9170R_1_4.bmp,9170R,15.0,10,212,491,214
9170R_2_3.bmp,9170R,34.0,123,254,530,308
9171R_1_5.bmp,9171R,72.0,97,218,602,291
9171R_2_4.bmp,9171R,96.0,115,279,631,267
9173L_1_8.bmp,9173L,20.0,43,328,531,260
9173L_2_1.bmp,9173L,44.0,9,198,432,217
9173R_1_3.bmp,9173R,20.0,151,280,630,245
9173R_1_6.bmp,9173R,20.0,161,217,631,174
9173R_2_1.bmp,9173R,44.0,153,251,622,319
9174L_1_2.bmp,9174L,26.0,97,286,528,291
9174L_1_3.bmp,9174L,26.0,149,308,631,282
9174L_2_2.bmp,9174L,50.0,140,323,583,339
9174R_2_4.bmp,9174R,50.0,128,325,560,329
9174R_2_7.bmp,9174R,50.0,127,257,593,271
9175R_1_6.bmp,9175R,14.0,133,201,583,294
9175R_2_4.bmp,9175R,62.0,202,254,634,233
9175R_4_1.bmp,9175R,158.0,218,316,618,310
9175R_4_5.bmp,9175R,158.0,165,215,589,208
9175R_5_1.bmp,9175R,182.0,183,198,609,229
9175R_5_2.bmp,9175R,182.0,182,201,611,232
9175R_5_6.bmp,9175R,182.0,159,288,596,339
9176L_1_2.bmp,9176L,10.0,131,229,560,316
9176L_1_3.bmp,9176L,10.0,105,211,531,277
9176L_2_7.bmp,9176L,34.0,325,180,634,195
9176L_2_8.bmp,9176L,34.0,323,182,634,201
9176R_1_4.bmp,9176R,10.0,152,264,572,214
9176R_2_6.bmp,9176R,34.0,140,214,577,277
9177L_1_2.bmp,9177L,30.0,10,285,391,254
9177L_2_8.bmp,9177L,54.0,65,367,516,323
9177L_3_1.bmp,9177L,126.0,8,285,351,233
9177R_3_1.bmp,9177R,126.0,156,240,618,298
9178L_1_10.bmp,9178L,72.0,15,415,475,382
9178L_2_4.bmp,9178L,170.0,25,257,450,196
9178L_2_6.bmp,9178L,170.0,47,356,485,279
9178R_1_9.bmp,9178R,72.0,16,319,549,325
9178R_2_4.bmp,9178R,170.0,153,277,609,254
9178R_2_6.bmp,9178R,170.0,33,357,531,294
9180L_1_5.bmp,9180L,26.0,2,330,366,395
9180L_3_1.bmp,9180L,266.0,15,329,440,267
9180L_3_2.bmp,9180L,266.0,13,322,463,258
9180L_3_4.bmp,9180L,266.0,13,271,484,189
9180R_3_1.bmp,9180R,266.0,89,330,615,245
9180R_3_2.bmp,9180R,266.0,125,227,544,158
9180R_3_4.bmp,9180R,266.0,193,400,627,332
9181L_1_2.bmp,9181L,16.0,33,336,488,283
9181L_2_2.bmp,9181L,88.0,64,246,519,201
9181L_2_4.bmp,9181L,88.0,37,299,521,214
9181L_2_8.bmp,9181L,88.0,13,294,509,204
9181R_2_4.bmp,9181R,74.0,182,407,634,360
9181R_3_1.bmp,9181R,88.0,127,304,571,297
9181R_3_2.bmp,9181R,88.0,124,299,581,292
9181R_3_4.bmp,9181R,88.0,106,342,563,328
9183L_1_3.bmp,9183L,6.0,108,270,569,311
9184L_1_1.bmp,9184L,16.0,19,322,488,347
9184L_3_3.bmp,9184L,64.0,16,273,496,314
9184R_3_3.bmp,9184R,64.0,140,283,631,310
9187L_1_5.bmp,9187L,3.0,41,372,476,372
9187R_1_2.bmp,9187R,3.0,134,350,624,341
9188L_4_1.bmp,9188L,87.0,16,242,500,257
9188L_4_2.bmp,9188L,87.0,83,192,594,223
9188R_2_2.bmp,9188R,15.0,184,230,636,279
9188R_4_1.bmp,9188R,87.0,62,305,563,364
9188R_4_2.bmp,9188R,87.0,69,320,575,367
9191L_1_1.bmp,9191L,3.0,25,395,490,325
9191R_1_1.bmp,9191R,3.0,189,273,633,329
9192L_2_1.bmp,9192L,28.0,34,286,478,301
9192R_2_1.bmp,9192R,28.0,156,366,627,391
9193L_1_2.bmp,9193L,120.0,25,254,507,187
9193R_1_3.bmp,9193R,120.0,136,328,578,341
9195R_1_1.bmp,9195R,20.0,92,261,621,267
9198L_1_5.bmp,9198L,1.0,6,295,457,338
9198R_1_3.bmp,9198R,1.0,58,347,516,330
9199L_1_8.bmp,9199L,12.0,9,252,420,246
9199L_2_2.bmp,9199L,60.0,71,322,478,240
9199L_3_1.bmp,9199L,85.0,86,311,540,295
9199L_3_2.bmp,9199L,85.0,84,313,544,291
9199L_3_6.bmp,9199L,85.0,8,348,459,307
9199L_4_1.bmp,9199L,110.0,114,249,597,251
9199L_5_1.bmp,9199L,158.0,6,392,375,347
9199L_5_2.bmp,9199L,158.0,6,386,376,345
9199L_5_6.bmp,9199L,158.0,6,310,429,255
9199L_6_2.bmp,9199L,182.0,19,336,441,292
9199L_7_1.bmp,9199L,254.0,3,432,389,379
9199L_7_2.bmp,9199L,254.0,6,267,360,246
9199L_7_3.bmp,9199L,254.0,59,314,493,320
9199R_3_1.bmp,9199R,85.0,263,338,634,404
9199R_3_2.bmp,9199R,85.0,264,341,634,416
9199R_3_6.bmp,9199R,85.0,114,354,572,428
9199R_4_7.bmp,9199R,110.0,211,233,634,269
9199R_7_1.bmp,9199R,254.0,226,283,636,316
9199R_7_2.bmp,9199R,254.0,86,261,512,274
9200R_1_4.bmp,9200R,96.0,128,325,615,428
9201R_1_5.bmp,9201R,4.0,111,375,634,357
9202L_2_5.bmp,9202L,36.0,40,381,472,330
9202L_3_6.bmp,9202L,84.0,37,363,555,269
9202L_4_2.bmp,9202L,108.0,123,348,583,301
9202R_3_5.bmp,9202R,84.0,121,311,622,299
9202R_4_1.bmp,9202R,108.0,146,308,590,330
9202R_4_2.bmp,9202R,108.0,155,283,633,319
9203L_2_6.bmp,9203L,62.0,90,295,615,304
9203R_2_7.bmp,9203R,62.0,148,242,634,239
9205L_4_2.bmp,9205L,204.0,108,441,577,431
9205L_4_4.bmp,9205L,204.0,8,437,541,410
9205R_3_2.bmp,9205R,108.0,112,295,636,322
9205R_4_1.bmp,9205R,204.0,199,266,636,294
9205R_4_2.bmp,9205R,204.0,221,288,636,319
9205R_4_4.bmp,9205R,204.0,99,151,636,158
9206R_1_3.bmp,9206R,4.0,133,286,530,273
9207R_2_3.bmp,9207R,48.0,123,344,619,351
9207R_3_2.bmp,9207R,120.0,114,335,530,356
9210R_2_3.bmp,9210R,66.0,41,348,541,351
9211L_1_2.bmp,9211L,29.0,131,364,531,367
9211L_2_2.bmp,9211L,77.0,133,298,522,404
9211L_2_3.bmp,9211L,77.0,9,251,469,311
9211L_2_5.bmp,9211L,77.0,8,211,493,297
9211R_1_2.bmp,9211R,29.0,8,274,512,307
9211R_2_1.bmp,9211R,77.0,127,224,628,255
9211R_2_2.bmp,9211R,77.0,69,257,590,299
9211R_2_4.bmp,9211R,77.0,80,232,553,282
9213L_1_3.bmp,9213L,25.0,52,201,524,139
9213L_1_4.bmp,9213L,25.0,103,313,634,212
9213L_2_2.bmp,9213L,49.0,240,263,633,196
9213R_1_3.bmp,9213R,25.0,282,361,619,323
9213R_1_4.bmp,9213R,25.0,344,348,617,332
9213R_2_2.bmp,9213R,49.0,16,463,506,356
9214L_2_3.bmp,9214L,21.0,8,316,475,291
9214L_2_5.bmp,9214L,21.0,3,252,385,255
9214R_2_4.bmp,9214R,21.0,193,317,634,328
9215L_1_1.bmp,9215L,27.0,16,291,432,328
9215L_1_5.bmp,9215L,27.0,12,269,445,320
9215L_2_4.bmp,9215L,45.0,112,289,546,361
9215R_1_4.bmp,9215R,27.0,145,373,594,350
9215R_2_4.bmp,9215R,45.0,149,360,563,403
9216R_3_2.bmp,9216R,70.0,155,291,631,294
9218R_2_4.bmp,9218R,84.0,184,274,634,252
9219R_1_4.bmp,9219R,8.0,183,263,602,279
9220L_1_1.bmp,9220L,13.0,182,336,631,348
9220L_1_4.bmp,9220L,13.0,5,329,438,356
9220L_2_1.bmp,9220L,37.0,24,239,487,292
9220L_2_3.bmp,9220L,37.0,6,353,370,384
9220L_3_2.bmp,9220L,81.0,16,305,429,326
9220L_3_3.bmp,9220L,81.0,52,311,447,328
9220L_3_5.bmp,9220L,81.0,9,322,487,351
9220R_1_1.bmp,9220R,13.0,156,357,631,328
9220R_1_4.bmp,9220R,13.0,165,328,634,325
9220R_2_1.bmp,9220R,37.0,173,297,628,329
9220R_2_3.bmp,9220R,37.0,61,276,547,267
9220R_3_2.bmp,9220R,81.0,139,360,558,389
9220R_3_3.bmp,9220R,81.0,124,251,625,260
9220R_3_5.bmp,9220R,81.0,112,282,631,273
9221L_2_4.bmp,9221L,41.0,22,240,478,254
9221L_5_3.bmp,9221L,113.0,69,161,603,184
9221R_1_1.bmp,9221R,17.0,189,273,633,294
9221R_3_4.bmp,9221R,65.0,242,156,633,208
9221R_4_1.bmp,9221R,89.0,212,260,634,217
9221R_5_3.bmp,9221R,113.0,246,196,634,218
9222L_3_3.bmp,9222L,64.0,13,266,490,254
9223L_1_5.bmp,9223L,10.0,27,254,516,249
9223L_4_1.bmp,9223L,102.0,6,345,469,310
9223L_4_2.bmp,9223L,102.0,65,279,519,266
9223L_5_1.bmp,9223L,126.0,109,270,581,238
9223R_3_5.bmp,9223R,58.0,86,257,553,298
9223R_4_1.bmp,9223R,102.0,121,297,599,323
9223R_4_2.bmp,9223R,102.0,41,310,527,339
9223R_5_1.bmp,9223R,126.0,142,260,615,282
9224L_1_2.bmp,9224L,1.0,102,239,590,311
9224L_3_1.bmp,9224L,97.0,10,240,531,274
9224L_3_2.bmp,9224L,97.0,5,280,500,285
9224L_3_4.bmp,9224L,97.0,8,232,518,277
9224L_4_1.bmp,9224L,121.0,66,274,590,212
9224L_4_2.bmp,9224L,121.0,84,288,609,271
9224L_4_4.bmp,9224L,121.0,38,307,581,291
9224L_6_2.bmp,9224L,169.0,64,235,581,232
9224L_6_3.bmp,9224L,169.0,102,317,633,279
9224L_7_2.bmp,9224L,193.0,9,252,499,273
9224L_7_3.bmp,9224L,193.0,8,316,496,319
9224L_8_1.bmp,9224L,217.0,5,261,499,276
9224L_8_2.bmp,9224L,217.0,12,224,578,258
9224L_8_4.bmp,9224L,217.0,16,266,565,276
9224L_9_1.bmp,9224L,247.0,8,277,502,323
9224L_9_2.bmp,9224L,247.0,43,285,549,333
9224L_9_4.bmp,9224L,247.0,9,279,494,308
9224L_10_1.bmp,9224L,271.0,8,257,575,233
9224L_10_2.bmp,9224L,271.0,13,177,550,195
9224L_10_4.bmp,9224L,271.0,149,174,633,156
9224L_11_2.bmp,9224L,289.0,9,295,506,229
9224L_11_3.bmp,9224L,289.0,103,342,617,266
9224L_12_2.bmp,9224L,313.0,93,236,614,211
9224L_13_1.bmp,9224L,347.0,8,242,454,258
9224L_13_2.bmp,9224L,347.0,21,313,530,311
9224L_13_4.bmp,9224L,347.0,6,269,506,320
9224L_14_1.bmp,9224L,367.0,16,270,552,280
9224L_14_2.bmp,9224L,367.0,9,252,559,254
9224L_14_4.bmp,9224L,367.0,136,257,622,243
9224L_15_1.bmp,9224L,439.0,123,263,633,242
9224L_15_2.bmp,9224L,439.0,124,267,633,226
9224L_15_4.bmp,9224L,439.0,121,251,633,242
9224L_16_1.bmp,9224L,463.0,8,145,553,100
9224L_16_2.bmp,9224L,463.0,111,271,631,271
9224L_16_4.bmp,9224L,463.0,19,187,578,190
9224R_3_1.bmp,9224R,97.0,177,238,636,255
9224R_3_2.bmp,9224R,97.0,115,264,628,257
9224R_3_4.bmp,9224R,97.0,123,322,612,342
9224R_4_1.bmp,9224R,121.0,114,367,622,292
9224R_4_2.bmp,9224R,121.0,232,291,631,220
9224R_4_4.bmp,9224R,121.0,165,332,634,269
9224R_5_1.bmp,9224R,145.0,210,335,636,305
9224R_5_2.bmp,9224R,145.0,184,227,636,215
9224R_6_1.bmp,9224R,169.0,108,336,628,329
9224R_6_2.bmp,9224R,169.0,182,270,636,289
9224R_6_4.bmp,9224R,169.0,196,235,636,260
9224R_7_1.bmp,9224R,193.0,196,254,634,274
9224R_7_2.bmp,9224R,193.0,71,267,565,276
9224R_7_4.bmp,9224R,193.0,168,298,634,313
9224R_8_1.bmp,9224R,217.0,207,282,633,313
9224R_8_2.bmp,9224R,217.0,173,288,633,325
9224R_8_4.bmp,9224R,217.0,164,297,627,329
9224R_9_1.bmp,9224R,247.0,139,239,631,283
9224R_9_2.bmp,9224R,247.0,152,277,631,301
9224R_9_4.bmp,9224R,247.0,109,246,625,291
9224R_10_1.bmp,9224R,271.0,68,319,584,339
9224R_10_2.bmp,9224R,271.0,165,348,634,366
9224R_10_4.bmp,9224R,271.0,190,317,636,313
9224R_11_1.bmp,9224R,289.0,233,311,636,348
9224R_11_2.bmp,9224R,289.0,232,255,637,328
9224R_11_4.bmp,9224R,289.0,136,238,617,289
9224R_12_1.bmp,9224R,313.0,186,223,634,239
9224R_12_2.bmp,9224R,313.0,182,257,636,263
9224R_12_4.bmp,9224R,313.0,149,260,590,246
9224R_13_1.bmp,9224R,347.0,171,288,634,332
9224R_13_2.bmp,9224R,347.0,130,292,631,323
9224R_13_4.bmp,9224R,347.0,186,254,637,286
9224R_14_1.bmp,9224R,367.0,224,242,637,260
9224R_14_2.bmp,9224R,367.0,168,251,636,266
9224R_14_4.bmp,9224R,367.0,174,246,634,280
9224R_15_1.bmp,9224R,439.0,171,251,634,263
9224R_15_2.bmp,9224R,439.0,149,261,634,279
9224R_15_4.bmp,9224R,439.0,223,260,637,317
9224R_16_1.bmp,9224R,463.0,114,269,617,325
9224R_16_2.bmp,9224R,463.0,221,319,636,338
9224R_16_4.bmp,9224R,463.0,210,193,634,238
9225L_1_4.bmp,9225L,149.0,78,218,516,266
9225L_2_1.bmp,9225L,173.0,114,242,577,252
9225L_2_2.bmp,9225L,173.0,15,229,485,280
9225L_2_4.bmp,9225L,173.0,31,221,513,276
9225R_1_4.bmp,9225R,149.0,97,286,583,297
9225R_2_1.bmp,9225R,173.0,109,316,556,282
9225R_2_2.bmp,9225R,173.0,118,257,584,282
9225R_2_4.bmp,9225R,173.0,121,297,589,335
9226L_1_2.bmp,9226L,18.0,40,232,472,212
9226L_4_2.bmp,9226L,90.0,44,255,490,205
9226L_4_3.bmp,9226L,90.0,71,252,565,180
9226L_5_4.bmp,9226L,114.0,13,339,481,280
9226R_4_1.bmp,9226R,90.0,155,255,633,240
9226R_4_2.bmp,9226R,90.0,155,280,627,255
9226R_4_4.bmp,9226R,90.0,170,341,637,353
9226R_5_4.bmp,9226R,114.0,43,257,510,248
9227L_1_4.bmp,9227L,41.0,140,242,589,240
9228L_4_2.bmp,9228L,82.0,41,361,453,322
9228L_6_2.bmp,9228L,130.0,22,314,412,276
9228L_6_3.bmp,9228L,130.0,78,339,485,297
9228L_6_5.bmp,9228L,130.0,120,205,586,186
9228L_7_1.bmp,9228L,160.0,19,314,453,277
9228L_7_2.bmp,9228L,160.0,40,285,460,266
9228L_7_4.bmp,9228L,160.0,21,286,460,270
9228R_3_4.bmp,9228R,58.0,168,279,549,347
9228R_4_3.bmp,9228R,82.0,242,277,587,332
9228R_5_1.bmp,9228R,106.0,193,276,612,314
9228R_6_2.bmp,9228R,130.0,212,263,634,313
9228R_6_3.bmp,9228R,130.0,207,223,634,279
9228R_6_5.bmp,9228R,130.0,196,263,622,301
9228R_7_1.bmp,9228R,160.0,207,211,583,263
9228R_7_2.bmp,9228R,160.0,226,277,636,323
9228R_7_4.bmp,9228R,160.0,230,252,631,325
9229L_1_2.bmp,9229L,15.0,173,243,634,273
9229L_2_2.bmp,9229L,39.0,13,251,577,350
9229L_3_2.bmp,9229L,87.0,21,294,580,394
9229L_4_1.bmp,9229L,111.0,12,322,528,345
9229L_4_2.bmp,9229L,111.0,68,277,574,335
9229L_4_4.bmp,9229L,111.0,58,180,518,242
9229R_2_2.bmp,9229R,39.0,128,323,634,302
9229R_3_2.bmp,9229R,87.0,99,379,633,379
9229R_4_1.bmp,9229R,111.0,159,382,634,330
9229R_4_2.bmp,9229R,111.0,89,239,625,199
9229R_4_4.bmp,9229R,111.0,143,243,633,227
9230L_2_3.bmp,9230L,32.0,5,232,471,233
9230R_1_1.bmp,9230R,4.0,27,270,546,326
9231R_2_1.bmp,9231R,42.0,145,276,633,292
9231R_2_4.bmp,9231R,42.0,146,304,615,288
9232L_1_2.bmp,9232L,22.0,25,308,522,316
9232R_1_2.bmp,9232R,22.0,97,301,528,254
9235R_1_3.bmp,9235R,6.0,242,224,637,310
9236L_2_2.bmp,9236L,86.0,10,305,388,255
9236L_2_4.bmp,9236L,86.0,19,179,389,174
9236L_3_2.bmp,9236L,182.0,95,333,528,305
9236L_3_4.bmp,9236L,182.0,6,316,406,291
9236L_4_1.bmp,9236L,206.0,9,297,445,257
9236L_4_2.bmp,9236L,206.0,8,159,370,165
9236L_4_4.bmp,9236L,206.0,84,270,532,273
9236R_1_1.bmp,9236R,38.0,158,254,609,308
9236R_2_1.bmp,9236R,86.0,261,258,634,295
9236R_2_2.bmp,9236R,86.0,120,260,499,305
9236R_2_4.bmp,9236R,86.0,161,273,580,292
9236R_4_1.bmp,9236R,206.0,246,279,634,311
9236R_4_2.bmp,9236R,206.0,211,335,600,369
9236R_4_4.bmp,9236R,206.0,92,235,532,276
9237L_1_2.bmp,9237L,51.0,46,286,530,257
9237L_1_3.bmp,9237L,51.0,53,205,558,183
9237L_1_5.bmp,9237L,51.0,133,236,594,221
9237R_1_2.bmp,9237R,51.0,227,230,634,180
9237R_1_3.bmp,9237R,51.0,232,335,634,330
9237R_1_5.bmp,9237R,51.0,218,230,633,195
9238R_1_1.bmp,9238R,2.0,106,341,628,264
9238R_2_4.bmp,9238R,18.0,13,258,512,180
9240L_1_5.bmp,9240L,34.0,92,320,431,298
9241L_1_5.bmp,9241L,22.0,33,260,462,214
9242L_2_7.bmp,9242L,41.0,99,335,586,313
9242L_3_3.bmp,9242L,66.0,50,298,537,223
9245L_3_2.bmp,9245L,102.0,52,366,496,305
9245R_3_2.bmp,9245R,102.0,170,264,596,323
9248L_2_1.bmp,9248L,36.0,13,356,522,347
9248R_1_2.bmp,9248R,12.0,86,307,615,269
9251R_1_3.bmp,9251R,18.0,123,189,541,240
9251R_1_6.bmp,9251R,18.0,227,183,636,217
9254L_1_5.bmp,9254L,14.0,22,342,475,280
9254L_1_6.bmp,9254L,14.0,18,344,475,291
9254R_1_5.bmp,9254R,14.0,161,298,624,338
9254R_1_6.bmp,9254R,14.0,165,299,625,338
9256L_1_5.bmp,9256L,3.0,15,314,504,319
9256R_2_8.bmp,9256R,27.0,106,201,600,235
9257L_1_3.bmp,9257L,9.0,111,316,509,273
9257R_1_5.bmp,9257R,9.0,25,207,425,221
9257R_1_7.bmp,9257R,9.0,183,432,609,395
9259L_1_3.bmp,9259L,39.0,6,248,479,226
9259L_3_1.bmp,9259L,84.0,8,252,416,245
9259R_1_3.bmp,9259R,39.0,139,233,602,279
9259R_2_4.bmp,9259R,60.0,165,317,615,388
9259R_2_7.bmp,9259R,60.0,81,308,512,384
9260R_1_2.bmp,9260R,40.0,182,249,631,227
9260R_2_1.bmp,9260R,64.0,78,409,619,465
9261L_1_4.bmp,9261L,120.0,28,279,428,322
9261L_1_9.bmp,9261L,120.0,40,348,445,354
9261R_1_9.bmp,9261R,120.0,205,364,615,420
9262L_1_2.bmp,9262L,11.0,184,282,633,302
9262L_1_3.bmp,9262L,11.0,205,283,631,308
9262L_1_5.bmp,9262L,11.0,33,372,488,391
9262R_1_2.bmp,9262R,11.0,92,323,537,345
9262R_1_3.bmp,9262R,11.0,47,243,499,266
9262R_1_5.bmp,9262R,11.0,158,230,590,255
0003_L_3_1.bmp,0003L,27.0,8,385,516,186
0003_R_3_2.bmp,0003R,27.0,30,319,546,252
0004_L_2_1.bmp,0004L,20.5,41,328,527,279
0004_L_2_2.bmp,0004L,20.5,56,292,521,251
0004_R_2_1.bmp,0004R,20.5,180,326,612,305
0004_R_2_2.bmp,0004R,20.5,156,317,611,304
0005_L_2_2.bmp,0005L,20.5,87,298,535,208
0005_R_2_2.bmp,0005R,20.5,86,354,569,333
0006_L_2_4.bmp,0006L,17.0,12,242,494,202
0006_R_2_5.bmp,0006R,17.0,137,283,603,305
0008_L_2_4.bmp,0008L,22.0,38,177,512,214
0008_R_2_1.bmp,0008R,22.0,15,354,522,323
0008_L_3_3.bmp,0008L,46.0,9,269,485,276
0008_R_3_2.bmp,0008R,46.0,142,263,560,313
0010_L_3_2.bmp,0010L,40.0,16,289,479,239
0010_L_3_4.bmp,0010L,40.0,37,301,565,257
0011_L_1_1.bmp,0011L,5.0,9,269,494,208
0011_R_2_2.bmp,0011R,22.0,66,282,633,333
0011_L_3_1.bmp,0011L,46.0,10,378,491,246
0011_R_3_1.bmp,0011R,46.0,142,285,631,279
0011_L_4_2.bmp,0011L,70.0,12,344,506,223
0011_L_4_4.bmp,0011L,70.0,66,305,581,212
0011_L_5_2.bmp,0011L,122.0,10,353,500,239
0011_R_5_3.bmp,0011R,122.0,96,289,636,291
0012_L_2_2.bmp,0012L,17.0,37,415,471,260
0012_R_2_1.bmp,0012R,17.0,271,379,636,357
0012_R_4_1.bmp,0012R,65.0,123,323,631,415
0013_R_1_1.bmp,0013R,5.0,41,258,395,220
0013_L_3_3.bmp,0013L,49.0,77,279,466,243
0013_R_3_2.bmp,0013R,49.0,142,276,593,322
0014_L_2_2.bmp,0014L,25.0,5,204,425,218
0014_R_2_2.bmp,0014R,25.0,59,230,562,305
0014_L_3_2.bmp,0014L,49.0,9,218,471,236
0014_R_3_2.bmp,0014R,49.0,131,273,627,338
0015_L_1_3.bmp,0015L,5.0,9,342,571,295
0015_R_2_2.bmp,0015R,21.0,145,270,631,320
0015_L_3_1.bmp,0015L,69.0,41,217,487,299
0015_R_3_1.bmp,0015R,69.0,109,261,625,328
0016_L_2_1.bmp,0016L,23.0,9,210,469,267
0016_R_2_2.bmp,0016R,23.0,170,266,555,273
0016_L_3_3.bmp,0016L,95.0,8,294,460,280
0016_R_3_3.bmp,0016R,95.0,174,270,630,266
0016_L_4_1.bmp,0016L,154.0,6,243,440,264
0016_R_4_1.bmp,0016R,154.0,123,292,565,291
0016_L_5_1.bmp,0016L,215.0,36,238,521,279
0016_L_5_2.bmp,0016L,215.0,65,257,512,266
0016_R_5_1.bmp,0016R,215.0,100,311,594,329
0016_R_5_2.bmp,0016R,215.0,87,286,627,316
0016_L_6_1.bmp,0016L,263.0,46,273,510,279
0016_R_6_1.bmp,0016R,263.0,165,366,633,295
0016_R_6_2.bmp,0016R,263.0,99,305,559,251
0016_L_7_1.bmp,0016L,359.0,64,246,521,248
0016_L_7_2.bmp,0016L,359.0,10,202,434,227
0016_L_7_6.bmp,0016L,359.0,64,336,506,301
0016_R_7_2.bmp,0016R,359.0,162,280,627,243
0016_L_8_1.bmp,0016L,407.0,13,211,519,266
0016_R_8_2.bmp,0016R,407.0,149,304,589,320
0016_R_8_6.bmp,0016R,407.0,95,226,546,267
0016_L_9_1.bmp,0016L,503.0,6,329,535,311
0016_R_9_1.bmp,0016R,503.0,115,304,633,179
0016_R_9_6.bmp,0016R,503.0,111,314,628,249
0016_L_10_1.bmp,0016L,574.0,9,221,476,224
0016_L_10_2.bmp,0016L,574.0,89,286,559,289
0016_R_10_1.bmp,0016R,574.0,105,286,562,226
0016_L_11_1.bmp,0016L,622.0,103,299,628,280
0016_R_11_1.bmp,0016R,622.0,89,280,532,311
0017_R_1_1.bmp,0017R,5.0,83,212,550,207
0017_L_2_2.bmp,0017L,23.0,5,232,440,292
0017_R_2_3.bmp,0017R,23.0,153,294,562,255
0017_L_3_1.bmp,0017L,95.0,8,246,456,301
0017_R_3_1.bmp,0017R,95.0,137,323,591,270
0017_L_4_5.bmp,0017L,154.0,10,192,478,233
0017_L_5_3.bmp,0017L,215.0,10,258,417,286
0017_R_5_3.bmp,0017R,215.0,131,329,586,308
0017_L_6_1.bmp,0017L,263.0,9,235,456,260
0017_L_6_5.bmp,0017L,263.0,8,245,476,258
0017_R_6_3.bmp,0017R,263.0,158,311,600,224
0017_R_7_1.bmp,0017R,359.0,130,347,622,269
0017_R_7_4.bmp,0017R,359.0,148,322,597,249
0017_L_8_4.bmp,0017L,407.0,6,378,426,341
0017_L_8_5.bmp,0017L,407.0,5,330,407,297
0017_R_8_3.bmp,0017R,407.0,130,348,614,338
0017_L_9_4.bmp,0017L,503.0,9,282,521,254
0017_L_9_6.bmp,0017L,503.0,3,336,530,305
0017_R_9_4.bmp,0017R,503.0,9,381,630,351
0017_L_10_3.bmp,0017L,574.0,6,263,468,258
0017_R_10_1.bmp,0017R,574.0,137,345,627,252
0017_R_10_3.bmp,0017R,574.0,165,299,627,212
0017_L_11_3.bmp,0017L,622.0,21,273,497,257
0017_L_11_5.bmp,0017L,622.0,8,394,454,378
0017_R_11_1.bmp,0017R,622.0,212,322,617,162
0017_R_11_5.bmp,0017R,622.0,6,361,491,271
0017_L_12_1.bmp,0017L,742.0,19,354,541,266
0017_L_12_2.bmp,0017L,742.0,47,308,556,286
0017_L_12_3.bmp,0017L,742.0,43,297,563,245
0017_R_12_1.bmp,0017R,742.0,90,431,618,381
0017_R_12_2.bmp,0017R,742.0,120,353,549,291
0017_R_12_6.bmp,0017R,742.0,95,295,525,245
0017_L_13_1.bmp,0017L,814.0,10,304,465,282
0017_L_13_10.bmp,0017L,814.0,9,295,500,260
0017_L_13_11.bmp,0017L,814.0,8,339,538,289
0017_R_13_1.bmp,0017R,814.0,6,220,457,254
0017_R_13_2.bmp,0017R,814.0,151,307,628,294
0017_R_13_6.bmp,0017R,814.0,86,379,596,361
0018_L_2_1.bmp,0018L,67.0,74,251,493,167
0018_L_2_2.bmp,0018L,67.0,64,301,494,226
0018_L_2_4.bmp,0018L,67.0,59,260,522,177
0018_R_2_1.bmp,0018R,67.0,168,269,574,252
0018_R_2_2.bmp,0018R,67.0,127,255,546,239
0018_R_2_4.bmp,0018R,67.0,196,288,631,273
0018_L_3_1.bmp,0018L,115.0,72,277,497,220
0018_L_3_2.bmp,0018L,115.0,8,295,459,249
0018_L_3_6.bmp,0018L,115.0,56,257,566,214
0018_R_3_1.bmp,0018R,115.0,170,235,631,304
0018_R_3_2.bmp,0018R,115.0,155,177,634,226
0018_R_3_3.bmp,0018R,115.0,174,261,630,279
0018_L_4_1.bmp,0018L,211.0,50,240,525,195
0018_L_4_6.bmp,0018L,211.0,21,226,473,208
0018_L_4_10.bmp,0018L,211.0,127,174,532,261
0018_R_4_2.bmp,0018R,211.0,111,204,631,199
0018_R_4_3.bmp,0018R,211.0,298,215,631,155
0018_R_4_5.bmp,0018R,211.0,263,236,634,176
0101_L_2_3.bmp,0101L,96.0,168,282,580,215
0101_R_3_2.bmp,0101R,145.0,155,267,630,270
0101_L_4_1.bmp,0101L,199.0,36,320,513,270
0101_R_4_1.bmp,0101R,199.0,137,248,594,277
0101_R_4_2.bmp,0101R,199.0,139,240,600,280
0101_L_5_1.bmp,0101L,239.0,9,298,422,263
0101_L_5_2.bmp,0101L,239.0,10,295,443,229
0101_L_5_4.bmp,0101L,239.0,12,305,462,224
0101_R_5_1.bmp,0101R,239.0,114,220,577,221
0101_R_5_2.bmp,0101R,239.0,134,212,606,260
0101_R_5_3.bmp,0101R,239.0,168,198,630,239
0102_L_2_3.bmp,0102L,89.0,44,217,453,167
0102_R_3_2.bmp,0102R,138.0,214,292,630,286
0102_L_4_1.bmp,0102L,192.0,19,297,504,283
0102_L_4_2.bmp,0102L,192.0,24,302,502,282
0102_L_4_6.bmp,0102L,192.0,8,264,441,240
0102_R_4_2.bmp,0102R,192.0,226,338,630,305
0102_R_4_6.bmp,0102R,192.0,229,345,630,301
0102_R_4_9.bmp,0102R,192.0,246,372,636,277
0102_L_6_1.bmp,0102L,281.0,13,323,440,260
0102_L_6_2.bmp,0102L,281.0,10,348,429,307
0102_L_6_6.bmp,0102L,281.0,6,330,428,308
0102_R_6_1.bmp,0102R,281.0,58,227,440,257
0102_R_6_2.bmp,0102R,281.0,109,229,488,270
0102_R_6_3.bmp,0102R,281.0,106,269,618,419
0102_L_7_2.bmp,0102L,343.0,24,336,628,289
0102_L_7_3.bmp,0102L,343.0,36,329,537,271
0102_L_7_5.bmp,0102L,343.0,43,286,547,242
0102_R_7_2.bmp,0102R,343.0,192,267,631,289
0102_R_7_3.bmp,0102R,343.0,174,294,636,308
0102_R_7_5.bmp,0102R,343.0,180,329,633,330
0104_R_2_6.bmp,0104R,75.0,65,205,558,252
0107_R_1_5.bmp,0107R,7.0,145,211,515,252
0107_L_3_1.bmp,0107L,110.0,6,289,537,239
0108_L_3_5.bmp,0108L,110.0,189,248,568,254
0108_R_3_3.bmp,0108R,110.0,53,218,491,196
0108_R_4_2.bmp,0108R,150.0,44,171,485,187
0108_R_4_3.bmp,0108R,150.0,131,274,622,304
0108_R_5_1.bmp,0108R,199.0,9,242,425,258
0109_R_3_3.bmp,0109R,110.0,68,218,503,249
0109_L_4_2.bmp,0109L,150.0,133,258,631,313
0109_L_5_2.bmp,0109L,199.0,8,198,473,223
0109_L_5_4.bmp,0109L,199.0,25,201,553,227
0110_L_3_2.bmp,0110L,114.0,13,251,566,269
0110_R_3_2.bmp,0110R,114.0,83,170,628,267
0111_L_2_1.bmp,0111L,61.0,83,176,577,212
0111_L_2_2.bmp,0111L,61.0,72,205,555,242
0111_L_2_6.bmp,0111L,61.0,120,195,587,267
0111_R_2_1.bmp,0111R,61.0,171,208,609,274
0111_R_2_2.bmp,0111R,61.0,59,168,524,196
0111_R_2_4.bmp,0111R,61.0,58,170,541,220
0111_L_4_1.bmp,0111L,205.0,15,199,510,223
0111_R_4_1.bmp,0111R,205.0,105,233,605,286
0111_R_5_3.bmp,0111R,245.0,84,292,631,258
0112_R_2_4.bmp,0112R,54.0,13,356,519,316
0112_L_3_1.bmp,0112L,101.0,10,257,506,298
0112_R_3_1.bmp,0112R,101.0,152,270,617,236
0112_L_6_2.bmp,0112L,245.0,83,189,566,215
0113_L_3_1.bmp,0113L,101.0,27,227,512,193
0114_L_3_1.bmp,0114L,101.0,74,239,476,336
0114_R_3_5.bmp,0114R,101.0,171,226,544,326
0114_L_4_1.bmp,0114L,150.0,13,280,428,204
0115_R_3_2.bmp,0115R,101.0,112,258,510,264
0115_L_4_1.bmp,0115L,150.0,9,174,410,269
0115_R_4_2.bmp,0115R,150.0,90,251,496,310
0115_L_5_2.bmp,0115L,205.0,13,274,456,235
0115_L_5_4.bmp,0115L,205.0,66,273,516,238
0115_R_5_3.bmp,0115R,205.0,75,288,532,339
0115_R_5_4.bmp,0115R,205.0,168,283,633,329
0118_L_2_1.bmp,0118L,45.0,72,299,574,274
0118_L_2_5.bmp,0118L,45.0,125,245,583,255
0118_L_3_4.bmp,0118L,125.0,8,220,415,255
0118_R_3_4.bmp,0118R,125.0,184,223,631,221
0118_L_4_2.bmp,0118L,165.0,52,235,590,221
0118_R_4_1.bmp,0118R,165.0,100,248,636,208
0118_R_4_2.bmp,0118R,165.0,218,397,634,400
0118_L_5_2.bmp,0118L,406.0,97,223,563,261
0118_L_5_3.bmp,0118L,406.0,8,195,384,176
0118_L_5_5.bmp,0118L,406.0,137,283,602,261
0118_R_5_2.bmp,0118R,406.0,43,292,531,254
0118_R_5_6.bmp,0118R,406.0,168,308,608,279
0118_R_5_8.bmp,0118R,406.0,184,240,578,221
0118_L_6_1.bmp,0118L,453.0,83,279,572,233
0118_L_6_2.bmp,0118L,453.0,19,323,602,274
0118_L_6_3.bmp,0118L,453.0,64,333,624,292
0118_R_6_1.bmp,0118R,453.0,192,292,630,232
0118_R_6_2.bmp,0118R,453.0,125,299,631,226
0118_R_6_4.bmp,0118R,453.0,33,226,591,215
0119_R_2_1.bmp,0119R,45.0,125,240,577,258
0120_L_4_2.bmp,0120L,125.0,53,142,499,246
0120_R_4_2.bmp,0120R,125.0,145,246,525,320
0120_L_5_1.bmp,0120L,165.0,106,205,440,266
0120_L_5_4.bmp,0120L,165.0,105,215,484,291
0120_R_5_2.bmp,0120R,165.0,137,341,571,344
0121_L_1_1.bmp,0121L,24.0,8,266,428,223
0125_L_2_1.bmp,0125L,47.0,71,252,583,251
0125_L_3_1.bmp,0125L,288.0,6,226,425,263
0125_L_3_2.bmp,0125L,288.0,6,212,410,251
0125_L_3_4.bmp,0125L,288.0,6,179,419,271
0125_R_3_1.bmp,0125R,288.0,10,245,594,289
0125_R_3_2.bmp,0125R,288.0,81,207,631,249
0125_R_3_6.bmp,0125R,288.0,112,257,577,307
0126_R_2_5.bmp,0126R,47.0,102,240,532,283
0127_L_2_1.bmp,0127L,47.0,10,235,400,242
0127_R_2_1.bmp,0127R,47.0,105,230,502,164
0128_L_1_4.bmp,0128L,7.0,6,227,496,252
0129_L_2_3.bmp,0129L,47.0,13,246,490,308
0129_R_2_1.bmp,0129R,47.0,130,224,516,266
0130_L_1_1.bmp,0130L,24.0,8,214,389,288
0130_L_1_4.bmp,0130L,24.0,8,230,494,308
0135_R_3_5.bmp,0135R,126.0,24,266,630,252
0137_L_3_1.bmp,0137L,126.0,13,236,453,176
0137_L_4_1.bmp,0137L,174.0,10,224,445,248
0137_L_4_2.bmp,0137L,174.0,27,261,525,295
0137_R_4_2.bmp,0137R,174.0,80,294,572,329
0137_L_5_2.bmp,0137L,225.0,10,252,525,223
0137_R_5_2.bmp,0137R,225.0,121,292,628,332
0137_L_6_1.bmp,0137L,273.0,10,326,518,292
0137_L_6_2.bmp,0137L,273.0,9,310,429,283
0137_L_6_4.bmp,0137L,273.0,8,299,445,277
0137_R_6_1.bmp,0137R,273.0,114,299,627,285
0137_R_6_2.bmp,0137R,273.0,159,298,608,299
0137_R_6_4.bmp,0137R,273.0,81,304,617,276
0138_L_4_2.bmp,0138L,174.0,10,252,429,288
0138_R_4_1.bmp,0138R,174.0,93,288,544,376
0138_R_4_3.bmp,0138R,174.0,145,282,587,384
0138_L_5_2.bmp,0138L,225.0,8,277,491,297
0138_L_5_4.bmp,0138L,225.0,8,314,568,308
0138_R_5_2.bmp,0138R,225.0,83,280,630,403
0138_R_5_4.bmp,0138R,225.0,124,223,617,347
0139_L_3_1.bmp,0139L,103.0,59,127,558,192
0139_R_3_1.bmp,0139R,103.0,52,332,586,338
0140_L_1_4.bmp,0140L,7.0,96,313,577,276
0140_L_4_1.bmp,0140L,151.0,106,229,612,215
0140_R_4_1.bmp,0140R,151.0,36,233,547,220
0140_L_5_1.bmp,0140L,202.0,149,254,618,297
0140_R_5_1.bmp,0140R,202.0,12,218,524,201
0141_R_1_1.bmp,0141R,24.0,170,242,553,322
0141_L_2_1.bmp,0141L,71.0,72,294,531,232
0141_L_2_2.bmp,0141L,71.0,81,270,608,220
0141_L_2_4.bmp,0141L,71.0,148,329,630,286
0141_R_2_1.bmp,0141R,71.0,158,201,583,211
0141_R_2_2.bmp,0141R,71.0,159,236,618,266
0141_R_2_4.bmp,0141R,71.0,220,196,634,218
0141_L_4_3.bmp,0141L,151.0,52,269,544,298
0142_R_3_4.bmp,0142R,103.0,153,289,631,258
0142_L_4_3.bmp,0142L,151.0,61,305,516,221
0142_R_4_2.bmp,0142R,151.0,164,205,593,196
0142_R_4_3.bmp,0142R,151.0,220,227,634,192
0142_L_5_3.bmp,0142L,202.0,44,238,496,261
0143_L_3_2.bmp,0143L,133.0,10,263,544,246
0143_L_3_6.bmp,0143L,133.0,34,238,519,212
0143_L_3_8.bmp,0143L,133.0,9,176,456,176
0143_R_3_2.bmp,0143R,133.0,153,202,631,236
0143_R_3_3.bmp,0143R,133.0,193,263,631,297
0143_R_3_5.bmp,0143R,133.0,215,232,636,274
0143_L_4_1.bmp,0143L,181.0,6,218,415,204
0143_L_4_2.bmp,0143L,181.0,6,255,392,254
0143_L_4_3.bmp,0143L,181.0,71,218,515,193
0143_R_4_1.bmp,0143R,181.0,143,286,594,297
0143_R_4_2.bmp,0143R,181.0,127,252,605,286
0143_R_4_3.bmp,0143R,181.0,151,235,627,264
0143_L_5_1.bmp,0143L,227.0,9,333,431,251
0143_L_5_2.bmp,0143L,227.0,16,316,379,240
0143_L_5_3.bmp,0143L,227.0,13,319,415,246
0143_R_5_2.bmp,0143R,227.0,153,260,574,279
0143_R_5_3.bmp,0143R,227.0,156,277,628,289
0143_R_5_5.bmp,0143R,227.0,155,286,631,283
0144_L_3_5.bmp,0144L,106.0,27,214,575,202
0144_L_4_5.bmp,0144L,154.0,96,283,586,226
0145_L_3_1.bmp,0145L,106.0,40,323,556,283
0145_R_3_1.bmp,0145R,106.0,56,249,594,212
0146_R_1_3.bmp,0146R,7.0,106,214,594,236
0146_R_2_4.bmp,0146R,55.0,143,249,631,299
0146_R_3_5.bmp,0146R,106.0,124,257,628,283
0146_L_4_1.bmp,0146L,202.0,12,255,445,214
0146_L_5_2.bmp,0146L,250.0,24,375,594,345
0146_R_5_1.bmp,0146R,250.0,145,333,566,299
0146_R_5_2.bmp,0146R,250.0,193,286,622,270
0146_L_6_1.bmp,0146L,298.0,56,341,556,314
0146_L_6_2.bmp,0146L,298.0,10,298,537,282
0146_L_6_4.bmp,0146L,298.0,10,313,525,289
0146_R_6_1.bmp,0146R,298.0,61,288,622,288
0146_R_6_2.bmp,0146R,298.0,50,264,628,280
0146_R_6_4.bmp,0146R,298.0,36,269,589,279
0148_R_4_4.bmp,0148R,154.0,55,294,569,190
0150_L_3_1.bmp,0150L,104.0,49,274,429,242
0150_L_3_2.bmp,0150L,104.0,15,332,389,297
0150_R_3_2.bmp,0150R,104.0,111,286,560,276
0150_L_4_1.bmp,0150L,152.0,128,236,502,184
0150_R_4_1.bmp,0150R,152.0,74,252,479,258
0150_L_5_1.bmp,0150L,200.0,68,261,490,227
0150_L_5_2.bmp,0150L,200.0,83,267,487,226
0150_R_5_1.bmp,0150R,200.0,199,299,634,249
0150_R_5_2.bmp,0150R,200.0,117,279,631,252
0150_R_5_6.bmp,0150R,200.0,140,263,625,224
0150_L_6_1.bmp,0150L,248.0,105,227,482,233
0150_L_6_2.bmp,0150L,248.0,92,252,451,254
0150_L_6_3.bmp,0150L,248.0,50,274,428,270
0150_R_6_2.bmp,0150R,248.0,208,357,630,375
0150_R_6_3.bmp,0150R,248.0,128,319,534,325
0150_R_6_5.bmp,0150R,248.0,182,366,615,378
0150_L_7_1.bmp,0150L,321.0,64,240,443,280
0150_L_7_2.bmp,0150L,321.0,34,301,451,285
0150_L_7_4.bmp,0150L,321.0,12,257,460,282
0150_R_7_1.bmp,0150R,321.0,102,295,560,274
0150_R_7_2.bmp,0150R,321.0,134,283,596,243
0150_R_7_4.bmp,0150R,321.0,196,301,628,299
0150_L_8_1.bmp,0150L,369.0,21,295,463,289
0150_L_8_2.bmp,0150L,369.0,9,190,448,205
0150_L_8_4.bmp,0150L,369.0,36,254,469,288
0150_R_8_1.bmp,0150R,369.0,77,307,563,254
0150_R_8_2.bmp,0150R,369.0,38,301,549,235
0150_R_8_4.bmp,0150R,369.0,108,276,615,199
0151_L_4_3.bmp,0151L,152.0,44,288,491,248
0152_R_3_2.bmp,0152R,104.0,127,264,634,258
0152_L_4_4.bmp,0152L,152.0,16,295,443,239
0153_L_2_2.bmp,0153L,55.0,10,267,555,274
0153_R_4_3.bmp,0153R,152.0,89,270,630,292
0154_L_2_1.bmp,0154L,55.0,9,245,484,304
0154_L_2_4.bmp,0154L,55.0,31,212,558,288
0154_R_2_5.bmp,0154R,55.0,100,221,597,326
0154_L_3_1.bmp,0154L,104.0,15,195,441,246
0155_L_2_1.bmp,0155L,75.0,12,299,493,297
0155_L_2_3.bmp,0155L,75.0,9,255,356,282
0155_R_2_2.bmp,0155R,75.0,155,299,631,245
0157_L_2_4.bmp,0157L,58.0,34,269,583,245
0157_L_3_2.bmp,0157L,106.0,16,257,516,199
0157_R_4_2.bmp,0157R,154.0,118,248,583,335
0157_R_5_2.bmp,0157R,202.0,56,208,575,280
0157_R_5_4.bmp,0157R,202.0,58,239,560,347
0157_L_6_1.bmp,0157L,250.0,21,218,426,251
0157_L_6_3.bmp,0157L,250.0,53,261,478,270
0157_R_6_3.bmp,0157R,250.0,153,186,593,257
0157_L_7_1.bmp,0157L,299.0,40,258,560,269
0157_L_7_2.bmp,0157L,299.0,27,242,521,252
0157_L_7_4.bmp,0157L,299.0,33,240,586,242
0157_R_7_1.bmp,0157R,299.0,95,214,603,208
0157_R_7_2.bmp,0157R,299.0,106,271,603,301
0157_R_7_4.bmp,0157R,299.0,148,261,630,288
0158_L_2_3.bmp,0158L,58.0,12,307,497,266
0158_R_2_2.bmp,0158R,58.0,155,239,630,235
0158_R_3_2.bmp,0158R,152.0,115,271,568,264
0160_L_2_1.bmp,0160L,43.0,8,273,429,227
0160_L_2_2.bmp,0160L,43.0,8,294,431,243
0160_R_2_1.bmp,0160R,43.0,134,273,628,252
0160_R_2_2.bmp,0160R,43.0,131,289,628,240
0160_R_3_1.bmp,0160R,89.0,22,266,535,274
0160_L_4_1.bmp,0160L,137.0,50,271,528,264
0160_L_4_2.bmp,0160L,137.0,40,170,488,159
0160_L_4_4.bmp,0160L,137.0,24,264,516,238
0160_R_4_2.bmp,0160R,137.0,92,211,497,264
0160_R_4_3.bmp,0160R,137.0,5,202,473,292
0160_R_4_5.bmp,0160R,137.0,58,242,521,311
0160_L_5_1.bmp,0160L,185.0,12,252,494,252
0160_L_5_2.bmp,0160L,185.0,37,251,507,283
0160_L_5_3.bmp,0160L,185.0,9,211,459,251
0160_R_5_1.bmp,0160R,185.0,124,236,569,344
0160_R_5_2.bmp,0160R,185.0,179,235,593,370
0160_R_5_3.bmp,0160R,185.0,167,176,625,313
0160_L_7_1.bmp,0160L,282.0,27,304,534,264
0160_L_7_2.bmp,0160L,282.0,62,288,525,267
0160_L_7_4.bmp,0160L,282.0,3,260,457,266
0160_R_7_1.bmp,0160R,282.0,46,283,596,388
0160_R_7_2.bmp,0160R,282.0,137,258,628,375
0160_R_7_4.bmp,0160R,282.0,190,257,630,338
0161_L_2_3.bmp,0161L,43.0,124,289,525,243
0161_R_2_2.bmp,0161R,43.0,164,279,627,204
0162_L_1_1.bmp,0162L,7.0,62,230,485,297
0162_R_2_1.bmp,0162R,55.0,61,235,594,279
0162_L_3_1.bmp,0162L,103.0,33,267,537,215
0162_L_3_3.bmp,0162L,103.0,8,292,506,269
0162_R_3_1.bmp,0162R,103.0,114,215,578,221
